accuracy	f1_macro	f1_score_C	f1_score_E	f1_score_H	mcc	model	precision_C	precision_E	precision_H	q3_ave	recall_C	recall_E	recall_H
0.6430093944896187	0.6053319297888494	0.7219917012448132	0.4679536679536679	0.6260504201680672	0.43296065899355324	seq_SVCrbf_unbalanced	0.6603879673882486	0.6470902295782167	0.6073369565217391	0.6457215480634627	0.796271186440678	0.3664953129724826	0.6459537572254336
0.6374832241256809	0.5986492191571231	0.7165396752097283	0.4538536585365854	0.6255543237250555	0.42446375231245037	seq_SVCrbf_balanced	0.6562808402650501	0.6397139713971397	0.6009052183173589	0.6403186020372329	0.7889830508474577	0.35167825824009674	0.6523121387283237
0.6366148259256336	0.5951913473550122	0.723105417502701	0.4486018117369043	0.6138668128254315	0.42374320597285037	seq_LinearSVC_unbalanced	0.6637857750070841	0.6431394692264257	0.583637311099531	0.6375562603767433	0.7940677966101695	0.3444209253099486	0.6473988439306358
0.6349569748164522	0.6139913583022777	0.7080808942742555	0.5187130663164806	0.6151801143160972	0.4318740960231762	seq_LinearSVC_balanced	0.7130091080941743	0.5673249551166966	0.5695299040118139	0.6434272633729566	0.7032203389830508	0.4777744179014212	0.6687861271676301
0.544643562011526	0.49696548784780004	0.6593047670891983	0.33960857409133266	0.49198312236286923	0.27302303192990784	seq_DT_unbalanced	0.6091392441442736	0.4426627793974733	0.4791780821917808	0.5449059080402018	0.7184745762711865	0.27547626247354096	0.5054913294797688
0.5011447067182443	0.49081239608549015	0.5693957115009747	0.40847894586078487	0.49456253089471086	0.2534247979813974	seq_DT_balanced	0.669954128440367	0.38802721088435377	0.4319948186528497	0.5083932848456286	0.4950847457627119	0.4312065315996371	0.5783236994219653
0.6055103813057551	0.5267750625077924	0.7077949145477282	0.2910662824207493	0.5814639905548996	0.36905858962002286	seq_RF_unbalanced	0.5997174476100777	0.7071178529754959	0.5940892641737032	0.607161657585785	0.8633898305084746	0.1832476564862413	0.569364161849711
0.6168785031972843	0.566264815259333	0.7074472082362666	0.39429530201342283	0.5970519355283097	0.39005874514815486	seq_RF_balanced	0.6354799513973268	0.6433949349760438	0.5704132666491182	0.6206821423670331	0.7977966101694915	0.2842455397641367	0.6263005780346821
