	accuracy	con_mat	f1_macro	f1_scores	mcc	model	precision	q3_ave	recall
0	0.7766030797517812	"[[2059  108  570]
 [  85 1094  491]
 [ 317  373 3605]]"	0.7570311952804523	[0.79222778 0.6742681  0.8045977 ]	0.6363972056780899	test_fm_none	[0.83665177 0.69460317 0.77261037]	0.7725367761931691	[0.75228352 0.65508982 0.83934808]
1	0.7751091703056768	"[[2147  108  482]
 [  78 1209  383]
 [ 351  555 3389]]"	0.761237571792582	[0.80820629 0.68266516 0.79284127]	0.6402592405675738	test_fm_balanced	[0.83346273 0.64583333 0.79666197]	0.7704576085494576	[0.78443551 0.7239521  0.78905704]
