	accuracy	con_mat	f1_macro	f1_scores	model	precision	q3_ave	recall
0	0.6654079414120608	"[[1671  229  872]
 [ 334  745  591]
 [ 526  372 3399]]"	0.6221539707265833	[0.63020932 0.49403183 0.74222077]	test_none	[0.66021335 0.55349183 0.69909502]	0.6671682072691815	[0.60281385 0.44610778 0.79101699]
1	0.6662089483922645	"[[1736  208  828]
 [ 316  729  625]
 [ 556  384 3357]]"	0.6233502136322038	[0.64535316 0.48746239 0.73723509]	test_balanced	[0.66564417 0.55185466 0.697921  ]	0.6682545893968725	[0.62626263 0.43652695 0.78124273]
