accuracy	f1_macro	f1_score_C	f1_score_E	f1_score_H	mcc	model	precision_C	precision_E	precision_H	q3_ave	recall_C	recall_E	recall_H
0.664215122960239	0.620696696582495	0.7422702938927127	0.4940318302387268	0.6257879656160459	0.4470838846333539	seq_SVCrbf_unbalanced	0.699258954302182	0.5534918276374443	0.655724579663731	0.6615926524956462	0.7909196740395809	0.44610778443113774	0.59846547314578
0.6650195357389106	0.6219521132590035	0.7373393386795563	0.48746238716148443	0.6410546139359697	0.44868510471523243	seq_SVCrbf_balanced	0.6980033277870217	0.5518546555639667	0.6614846482705014	0.6627007622658911	0.7813736903376018	0.4365269461077844	0.6218487394957983
0.6588140657320156	0.6102432821991204	0.7442166429119614	0.46847457627118644	0.6180386274142133	0.4377249603151977	seq_LinearSVC_unbalanced	0.7032739328636552	0.53984375	0.6348228043143297	0.6595039850621128	0.790221187427241	0.41377245508982036	0.6021191085129705
0.6470926223856585	0.6165251816366181	0.7217485288819502	0.494275342083217	0.6335516739446871	0.43996055241912424	seq_LinearSVC_balanced	0.7452876984126984	0.4631083202511774	0.6310257339615802	0.6507400170258232	0.69965075669383	0.5299401197604791	0.6360979174278407
0.5556193978395771	0.4960714282324768	0.671307037896365	0.3270111183780248	0.4898961284230406	0.26916140302602387	seq_DT_unbalanced	0.6387720773759462	0.36023054755043227	0.5070367474589523	0.5534028033267168	0.7073341094295693	0.2994011976047904	0.47387650712458895
0.49666743277407494	0.47772751161176724	0.5688375927452597	0.35715981952030407	0.5071851225697379	0.24392679720682808	seq_DT_balanced	0.693932282936641	0.2959464777646596	0.4719949653870359	0.4975864419349496	0.4819557625145518	0.4502994011976048	0.5480453050785532
0.6431854746035394	0.556844609299425	0.7381940327998419	0.34375	0.5885897950984332	0.3988747722735846	seq_RF_unbalanced	0.6411532521022825	0.6246056782334385	0.6537260151717983	0.6389268856632183	0.8698486612339931	0.237125748502994	0.535257581293387
0.6423810618248679	0.5846287220579917	0.7297990594271058	0.4233737596471885	0.6007133470996808	0.4051297199870318	seq_RF_balanced	0.6745702430349734	0.5480494766888677	0.6177606177606177	0.640999001538433	0.7948777648428406	0.3449101796407186	0.5845816587504568
